{
  "project_info": {
    "project_number": "1019249664958",
    "firebase_url": "https://productcatalogv1-5c784.firebaseio.com",
    "project_id": "productcatalogv1-5c784",
    "storage_bucket": "productcatalogv1-5c784.appspot.com"
  },
  "client": [
    {
      "client_info": {
        "mobilesdk_app_id": "1:1019249664958:android:aadfeba8c26d67fc",
        "android_client_info": {
          "package_name": "mgarzon.createbest.productcatalog"
        }
      },
      "oauth_client": [
        {
          "client_id": "1019249664958-igj2h0pfjiof63eoqugv5obmap4vljrq.apps.googleusercontent.com",
          "client_type": 1,
          "android_info": {
            "package_name": "mgarzon.createbest.productcatalog",
            "certificate_hash": "bb6c071ac739dd5be225412dbbfbea79d483f874"
          }
        },
        {
          "client_id": "1019249664958-ivv9t2ok2g6o732odqh3d8chjdacj9oq.apps.googleusercontent.com",
          "client_type": 3
        }
      ],
      "api_key": [
        {
          "current_key": "AIzaSyB49a6Ro5rXcHZb9s01h2bDI6Zi8TXlg1A"
        }
      ],
      "services": {
        "analytics_service": {
          "status": 1
        },
        "appinvite_service": {
          "status": 2,
          "other_platform_oauth_client": [
            {
              "client_id": "1019249664958-ivv9t2ok2g6o732odqh3d8chjdacj9oq.apps.googleusercontent.com",
              "client_type": 3
            }
          ]
        },
        "ads_service": {
          "status": 2
        }
      }
    }
  ],
  "configuration_version": "1"
}